{"0": {"course_title": "Dummy Course", "course_short_name": "ML", "course_description": "This is a dummy description of the course", "course_intro_video": "Video/Course_introduction.mp4", "course_id": 1, "advertisement_image_file": "Image/adv.jpg", "card_image_file": "Image/card.ipg", "prerequisite_preexisting_course_title_list": "NAIRP_Dummy_course_1|NAIRP_Dummy_course_2", "prerequisite_knowledge_file": "Text/prerequisite.txt", "created_on": 1586736000000, "communication_language": "english", "reference_materials_ref": [{"reference_material_pointer": "1st Dummy reference material link/name", "ref_id": 1}, {"reference_material_pointer": "2nd Dummy reference material link/name", "ref_id": 2}], "credit": 0, "duration_in_minutes": 0, "offering_period_from_to": "12-25-2020 12:00 AM|12-22-2021 12:00 AM", "copyright_message": "hfhfh", "module_ref": [{"module_title": "Dummy", "module_id": 1, "lecture_ref": [{"lecture_title": "Recommender systems tasks and subtasks: user-product matching, average rating prediction, user segmentation.", "lecture_id": 1, "topic": 1, "concept_ref": [{"concept_text": " Analogy with natural learning from examples", "id": 1}], "lecture_video": "Video\\lecture_13.mp4", "lecture_note": "Note\\lecture_note_1", "worked_out_worksheet": "TBD"}], "exercise_ref": [{"exercise_id": 1, "topic": "topic_1", "concept_ref": [{"concept_text": " Difference from supervised and unsupervised", "id": 8}, {"concept_text": "Definition of regression: recap", "id": 10}, {"concept_text": " Average rating prediction problem", "id": 11}], "program_worksheet_ref": 1, "question_ref": [{"question_id": 1, "question_type": "mcq", "question_answer_type": "multi", "question_text": " Which of the following distance metric can not be used in k-NN", "concept_ref": [{"concept_text": " Analogy with natural learning from examples", "id": 1}, {"concept_text": " Mathematical Notation: mapping from feature space to label space", "id": 2}], "topic": "K-NN", "choice_of_answer_ref": [{"answer_text": "Manhattan", "answer_id": 1}, {"answer_text": "Minkowski", "answer_id": 2}, {"answer_text": "Tanimoto", "answer_id": 3}, {"answer_text": "Jaccard", "answer_id": 4}, {"answer_text": "Mahalanobis", "answer_id": 5}, {"answer_text": "All can be used", "answer_id": 6}], "correct_answer_id_list": [], "marks": 2}], "program_worksheet": [{"python_library": "sklearn, scipy, numpy", "dataset_directory": "Dataset/1/", "dataset_link": "http://dataset_url_1", "dataset_installation_notes": "Dummy_1", "jupyter_notebook": "Notebook/1.pyng", "id": 1}]}]}, {"module_title": "Introduction to Machine Learning", "module_id": 2, "lecture_ref": [{"lecture_title": "Machine Learning and features", "lecture_id": 2, "topic": 2, "concept_ref": [{"concept_text": "Training, testing and validation sets", "id": 5}], "lecture_video": "Video\\lecture_2.mp4", "lecture_note": "Note\\lecture_note_2", "worked_out_worksheet": "TBD"}, {"lecture_title": "Supervised, unsupervised, semi-supervised learning", "lecture_id": 3, "topic": 3, "concept_ref": [{"concept_text": " Analogy with natural learning from examples", "id": 1}, {"concept_text": " Mathematical Notation: mapping from feature space to label space", "id": 2}, {"concept_text": "Classification and Regression", "id": 3}, {"concept_text": "Examples from computer vision and other domains", "id": 4}, {"concept_text": "Training, testing and validation sets", "id": 5}, {"concept_text": "Evaluation metrics", "id": 6}, {"concept_text": "Clustering", "id": 7}, {"concept_text": " Difference from supervised and unsupervised", "id": 8}, {"concept_text": " Basic idea of label propagation etc", "id": 9}], "lecture_video": "Video\\lecture_3.mp4", "lecture_note": "Note\\lecture_note_3", "worked_out_worksheet": "TBD"}], "exercise_ref": [{"exercise_id": 1, "topic": "topic_1", "concept_ref": [{"concept_text": " Difference from supervised and unsupervised", "id": 8}, {"concept_text": "Definition of regression: recap", "id": 10}, {"concept_text": " Average rating prediction problem", "id": 11}], "program_worksheet_ref": 1, "question_ref": [{"question_id": 1, "question_type": "mcq", "question_answer_type": "multi", "question_text": " Which of the following distance metric can not be used in k-NN", "concept_ref": [{"concept_text": " Analogy with natural learning from examples", "id": 1}, {"concept_text": " Mathematical Notation: mapping from feature space to label space", "id": 2}], "topic": "K-NN", "choice_of_answer_ref": [{"answer_text": "Manhattan", "answer_id": 1}, {"answer_text": "Minkowski", "answer_id": 2}, {"answer_text": "Tanimoto", "answer_id": 3}, {"answer_text": "Jaccard", "answer_id": 4}, {"answer_text": "Mahalanobis", "answer_id": 5}, {"answer_text": "All can be used", "answer_id": 6}], "correct_answer_id_list": [], "marks": 2}], "program_worksheet": [{"python_library": "sklearn, scipy, numpy", "dataset_directory": "Dataset/1/", "dataset_link": "http://dataset_url_1", "dataset_installation_notes": "Dummy_1", "jupyter_notebook": "Notebook/1.pyng", "id": 1}]}]}, {"module_title": "Linear Regression, Feature selection and regularization", "module_id": 3, "lecture_ref": [{"lecture_title": "Linear regression for average rating prediction", "lecture_id": 4, "topic": "Linear regression", "concept_ref": [{"concept_text": "Definition of regression: recap", "id": 10}, {"concept_text": " Average rating prediction problem", "id": 11}, {"concept_text": " Linear regression: scalar notation, squared error loss", "id": 12}, {"concept_text": " Closed form solution of scalar linear regression, worked example", "id": 13}, {"concept_text": " Linear regression: vector notation, introduction to hyperplanes", "id": 14}, {"concept_text": " Closed form solution of vector linear regression, exercise", "id": 15}], "lecture_video": "Video\\lecture_4.mp4", "lecture_note": "Note\\lecture_note_4", "worked_out_worksheet": "TBD"}, {"lecture_title": "Feature selection, regularization, ridge/lasso regression", "lecture_id": 5, "topic": "Feature selection and regularization", "concept_ref": [{"concept_text": "Feature selection motivated by rating prediction problem", "id": 16}, {"concept_text": "Need for sparse models, Occam\u2019s razor idea", "id": 17}, {"concept_text": "Sparse linear regression: worked example", "id": 18}, {"concept_text": "Concept of model regularization", "id": 19}, {"concept_text": " L0-norm regularizer for linear regression", "id": 20}, {"concept_text": " L2-norm regularizer (ridge regression), closed form, worked example", "id": 21}, {"concept_text": " L1-norm regularizer, LASSO regression, exercise", "id": 22}], "lecture_video": "Video\\lecture_13.mp4", "lecture_note": "Note\\lecture_note_5", "worked_out_worksheet": "TBD"}], "exercise_ref": [{"exercise_id": 2, "topic": "topic_2", "concept_ref": [{"concept_text": " Basic idea of label propagation etc", "id": 9}], "program_worksheet_ref": 1, "question_ref": [{"question_id": 6, "question_type": "mcq", "question_answer_type": "multi", "question_text": "Choose the options that are correct regarding machine learning (ML) and artificial intelligence (AI)", "concept_ref": [{"concept_text": " Analogy with natural learning from examples", "id": 1}, {"concept_text": " Mathematical Notation: mapping from feature space to label space", "id": 2}], "topic": "ML", "choice_of_answer_ref": [{"answer_text": "ML is an alternate way of programming intelligent machines.", "answer_id": 21}, {"answer_text": "ML and AI have very different goals.", "answer_id": 22}, {"answer_text": "ML is a set of techniques that turns a dataset into a software.", "answer_id": 23}, {"answer_text": "AI is a software that can emulate the human mind.", "answer_id": 24}], "correct_answer_id_list": [], "marks": 3}], "program_worksheet": [{"python_library": "sklearn, scipy, numpy", "dataset_directory": "Dataset/1/", "dataset_link": "http://dataset_url_1", "dataset_installation_notes": "Dummy_1", "jupyter_notebook": "Notebook/1.pyng", "id": 1}]}]}, {"module_title": "k-nearest neighbour, Retrieval for  Product Recommedation", "module_id": 4, "lecture_ref": [{"lecture_title": "K-nearest neighbour for user-product mapping", "lecture_id": 6, "topic": 6, "concept_ref": [{"concept_text": " Basic idea of label propagation etc", "id": 9}], "lecture_video": "Video\\lecture_6.mp4", "lecture_note": "Note\\lecture_note_6", "worked_out_worksheet": "TBD"}], "exercise_ref": [{"exercise_id": 2, "topic": "topic_2", "concept_ref": [{"concept_text": " Basic idea of label propagation etc", "id": 9}], "program_worksheet_ref": 1, "question_ref": [{"question_id": 6, "question_type": "mcq", "question_answer_type": "multi", "question_text": "Choose the options that are correct regarding machine learning (ML) and artificial intelligence (AI)", "concept_ref": [{"concept_text": " Analogy with natural learning from examples", "id": 1}, {"concept_text": " Mathematical Notation: mapping from feature space to label space", "id": 2}], "topic": "ML", "choice_of_answer_ref": [{"answer_text": "ML is an alternate way of programming intelligent machines.", "answer_id": 21}, {"answer_text": "ML and AI have very different goals.", "answer_id": 22}, {"answer_text": "ML is a set of techniques that turns a dataset into a software.", "answer_id": 23}, {"answer_text": "AI is a software that can emulate the human mind.", "answer_id": 24}], "correct_answer_id_list": [], "marks": 3}], "program_worksheet": [{"python_library": "sklearn, scipy, numpy", "dataset_directory": "Dataset/1/", "dataset_link": "http://dataset_url_1", "dataset_installation_notes": "Dummy_1", "jupyter_notebook": "Notebook/1.pyng", "id": 1}]}]}, {"module_title": "Decision Tree and Related issues", "module_id": 5, "lecture_ref": [{"lecture_title": "Product Recommendation as Retrieval, TPR and FPR, feature selection by entropy", "lecture_id": 7, "topic": 7, "concept_ref": [{"concept_text": " Mathematical Notation: mapping from feature space to label space", "id": 2}], "lecture_video": "Video\\lecture_7.mp4", "lecture_note": "Note\\lecture_note_7", "worked_out_worksheet": "TBD"}], "exercise_ref": [{"exercise_id": 3, "topic": "topic_2", "concept_ref": [{"concept_text": " Basic idea of label propagation etc", "id": 9}, {"concept_text": " Average rating prediction problem", "id": 11}], "program_worksheet_ref": 2, "question_ref": [{"question_id": 2, "question_type": "mcq", "question_answer_type": "single", "question_text": " Which of the following option is true about k-NN algorithm", "concept_ref": [{"concept_text": " General idea of Bayesian learning: prior and posterior", "id": 25}, {"concept_text": " Closed form solution of vector linear regression, exercise", "id": 15}], "topic": "K-NN", "choice_of_answer_ref": [{"answer_text": "It can be used for classification", "answer_id": 7}, {"answer_text": "It can be used for regression", "answer_id": 8}, {"answer_text": "It can be used in both classification and regression\u00a0", "answer_id": 9}], "correct_answer_id_list": [{"answer_text": "It can be used in both classification and regression\u00a0", "answer_id": 9}], "marks": 1}], "program_worksheet": [{"python_library": "sklearn, scipy, numpy", "dataset_directory": "Dataset/2/", "dataset_link": "http://dataset_url_2", "dataset_installation_notes": "Dummy_2", "jupyter_notebook": "Notebook/2.pyng", "id": 2}]}]}, {"module_title": "Dummy", "module_id": 6, "lecture_ref": [{"lecture_title": "Decision Tree for classification and regression", "lecture_id": 8, "topic": 8, "concept_ref": [{"concept_text": " Difference from supervised and unsupervised", "id": 8}], "lecture_video": "Video\\lecture_13.mp4", "lecture_note": "Note\\lecture_note_8", "worked_out_worksheet": "TBD"}], "exercise_ref": [{"exercise_id": 2, "topic": "topic_2", "concept_ref": [{"concept_text": " Basic idea of label propagation etc", "id": 9}], "program_worksheet_ref": 1, "question_ref": [{"question_id": 6, "question_type": "mcq", "question_answer_type": "multi", "question_text": "Choose the options that are correct regarding machine learning (ML) and artificial intelligence (AI)", "concept_ref": [{"concept_text": " Analogy with natural learning from examples", "id": 1}, {"concept_text": " Mathematical Notation: mapping from feature space to label space", "id": 2}], "topic": "ML", "choice_of_answer_ref": [{"answer_text": "ML is an alternate way of programming intelligent machines.", "answer_id": 21}, {"answer_text": "ML and AI have very different goals.", "answer_id": 22}, {"answer_text": "ML is a set of techniques that turns a dataset into a software.", "answer_id": 23}, {"answer_text": "AI is a software that can emulate the human mind.", "answer_id": 24}], "correct_answer_id_list": [], "marks": 3}], "program_worksheet": [{"python_library": "sklearn, scipy, numpy", "dataset_directory": "Dataset/1/", "dataset_link": "http://dataset_url_1", "dataset_installation_notes": "Dummy_1", "jupyter_notebook": "Notebook/1.pyng", "id": 1}]}]}, {"module_title": "Dummy", "module_id": 7, "lecture_ref": [{"lecture_title": "Overfitting, stopping/pruning criteria for decision tree, class imbalance", "lecture_id": 9, "topic": 9, "concept_ref": [{"concept_text": "Definition of regression: recap", "id": 10}], "lecture_video": "Video\\lecture_9.mp4", "lecture_note": "Note\\lecture_note_9", "worked_out_worksheet": "TBD"}], "exercise_ref": [{"exercise_id": 1, "topic": "topic_1", "concept_ref": [{"concept_text": " Difference from supervised and unsupervised", "id": 8}, {"concept_text": "Definition of regression: recap", "id": 10}, {"concept_text": " Average rating prediction problem", "id": 11}], "program_worksheet_ref": 1, "question_ref": [{"question_id": 1, "question_type": "mcq", "question_answer_type": "multi", "question_text": " Which of the following distance metric can not be used in k-NN", "concept_ref": [{"concept_text": " Analogy with natural learning from examples", "id": 1}, {"concept_text": " Mathematical Notation: mapping from feature space to label space", "id": 2}], "topic": "K-NN", "choice_of_answer_ref": [{"answer_text": "Manhattan", "answer_id": 1}, {"answer_text": "Minkowski", "answer_id": 2}, {"answer_text": "Tanimoto", "answer_id": 3}, {"answer_text": "Jaccard", "answer_id": 4}, {"answer_text": "Mahalanobis", "answer_id": 5}, {"answer_text": "All can be used", "answer_id": 6}], "correct_answer_id_list": [], "marks": 2}], "program_worksheet": [{"python_library": "sklearn, scipy, numpy", "dataset_directory": "Dataset/1/", "dataset_link": "http://dataset_url_1", "dataset_installation_notes": "Dummy_1", "jupyter_notebook": "Notebook/1.pyng", "id": 1}]}]}, {"module_title": "Dummy", "module_id": 8, "lecture_ref": [{"lecture_title": "Bootstrapping and Random Forest", "lecture_id": 10, "topic": 10, "concept_ref": [{"concept_text": "Training with cross-entropy loss function", "id": 55}], "lecture_video": "Video\\lecture_13.mp4", "lecture_note": "Note\\lecture_note_10", "worked_out_worksheet": "TBD"}], "exercise_ref": [{"exercise_id": 2, "topic": "topic_2", "concept_ref": [{"concept_text": " Basic idea of label propagation etc", "id": 9}], "program_worksheet_ref": 1, "question_ref": [{"question_id": 6, "question_type": "mcq", "question_answer_type": "multi", "question_text": "Choose the options that are correct regarding machine learning (ML) and artificial intelligence (AI)", "concept_ref": [{"concept_text": " Analogy with natural learning from examples", "id": 1}, {"concept_text": " Mathematical Notation: mapping from feature space to label space", "id": 2}], "topic": "ML", "choice_of_answer_ref": [{"answer_text": "ML is an alternate way of programming intelligent machines.", "answer_id": 21}, {"answer_text": "ML and AI have very different goals.", "answer_id": 22}, {"answer_text": "ML is a set of techniques that turns a dataset into a software.", "answer_id": 23}, {"answer_text": "AI is a software that can emulate the human mind.", "answer_id": 24}], "correct_answer_id_list": [], "marks": 3}], "program_worksheet": [{"python_library": "sklearn, scipy, numpy", "dataset_directory": "Dataset/1/", "dataset_link": "http://dataset_url_1", "dataset_installation_notes": "Dummy_1", "jupyter_notebook": "Notebook/1.pyng", "id": 1}]}]}, {"module_title": "Probabilistic Classification", "module_id": 9, "lecture_ref": [{"lecture_title": "Bayesian and Na\u00efve Bayes classifier", "lecture_id": 11, "topic": "General idea of Bayesian learning", "concept_ref": [{"concept_text": " Binary ratings as confidence measure, Need for probabilistic classification", "id": 23}, {"concept_text": "Generative model: basis idea", "id": 24}, {"concept_text": " General idea of Bayesian learning: prior and posterior", "id": 25}, {"concept_text": "Prior distribution on class label: worked example", "id": 26}, {"concept_text": " Class-conditional distribution: worked example (1-dimensional case)", "id": 27}, {"concept_text": " Posterior distribution: worked example", "id": 28}, {"concept_text": "Extension to multivariate features, Na\u00efve Bayes assumption and its benefits", "id": 29}, {"concept_text": " Na\u00efve Bayes classifier: Exercise", "id": 30}], "lecture_video": "Video\\lecture_11.mp4", "lecture_note": "Note\\lecture_note_11", "worked_out_worksheet": "TBD"}, {"lecture_title": "Bayes error, linear classifier, Logistic regression classifier", "lecture_id": 12, "topic": "Bayes Error and Logistic regression", "concept_ref": [{"concept_text": "Confidence of prediction and error by Bayes classifier", "id": 31}, {"concept_text": "Bayes risk, worked example", "id": 32}, {"concept_text": " Linear Classifier, linearly separable data motivated by binary product ratings", "id": 33}, {"concept_text": "Threshold-based or sign classifier, worked example", "id": 34}, {"concept_text": " Step function and Logistic approximation", "id": 35}, {"concept_text": " Probabilistic classification by logistic regression classifier, exercise", "id": 36}], "lecture_video": "Video\\lecture_12.mp4", "lecture_note": "Note\\lecture_note_12", "worked_out_worksheet": "TBD"}], "exercise_ref": [{"exercise_id": 2, "topic": "topic_2", "concept_ref": [{"concept_text": " Basic idea of label propagation etc", "id": 9}], "program_worksheet_ref": 1, "question_ref": [{"question_id": 6, "question_type": "mcq", "question_answer_type": "multi", "question_text": "Choose the options that are correct regarding machine learning (ML) and artificial intelligence (AI)", "concept_ref": [{"concept_text": " Analogy with natural learning from examples", "id": 1}, {"concept_text": " Mathematical Notation: mapping from feature space to label space", "id": 2}], "topic": "ML", "choice_of_answer_ref": [{"answer_text": "ML is an alternate way of programming intelligent machines.", "answer_id": 21}, {"answer_text": "ML and AI have very different goals.", "answer_id": 22}, {"answer_text": "ML is a set of techniques that turns a dataset into a software.", "answer_id": 23}, {"answer_text": "AI is a software that can emulate the human mind.", "answer_id": 24}], "correct_answer_id_list": [], "marks": 3}], "program_worksheet": [{"python_library": "sklearn, scipy, numpy", "dataset_directory": "Dataset/1/", "dataset_link": "http://dataset_url_1", "dataset_installation_notes": "Dummy_1", "jupyter_notebook": "Notebook/1.pyng", "id": 1}]}]}, {"module_title": "optimization for Classification", "module_id": 10, "lecture_ref": [{"lecture_title": "Perceptron algorithm, one-vs-all and one-vs-one", "lecture_id": 13, "topic": " One-vs-one and  One-vs-all classification", "concept_ref": [{"concept_text": " Linear classifier, Perceptron algorithm, worked example", "id": 37}, {"concept_text": "Convergence guarantee, Stopping criteria", "id": 38}, {"concept_text": "One-vs-all classification, worked example", "id": 39}, {"concept_text": "One-vs-one classification by voting, worked example", "id": 40}], "lecture_video": "Video\\lecture_13.mp4", "lecture_note": "Note\\lecture_note_13", "worked_out_worksheet": "TBD"}], "exercise_ref": [{"exercise_id": 1, "topic": "topic_1", "concept_ref": [{"concept_text": " Difference from supervised and unsupervised", "id": 8}, {"concept_text": "Definition of regression: recap", "id": 10}, {"concept_text": " Average rating prediction problem", "id": 11}], "program_worksheet_ref": 1, "question_ref": [{"question_id": 1, "question_type": "mcq", "question_answer_type": "multi", "question_text": " Which of the following distance metric can not be used in k-NN", "concept_ref": [{"concept_text": " Analogy with natural learning from examples", "id": 1}, {"concept_text": " Mathematical Notation: mapping from feature space to label space", "id": 2}], "topic": "K-NN", "choice_of_answer_ref": [{"answer_text": "Manhattan", "answer_id": 1}, {"answer_text": "Minkowski", "answer_id": 2}, {"answer_text": "Tanimoto", "answer_id": 3}, {"answer_text": "Jaccard", "answer_id": 4}, {"answer_text": "Mahalanobis", "answer_id": 5}, {"answer_text": "All can be used", "answer_id": 6}], "correct_answer_id_list": [], "marks": 2}], "program_worksheet": [{"python_library": "sklearn, scipy, numpy", "dataset_directory": "Dataset/1/", "dataset_link": "http://dataset_url_1", "dataset_installation_notes": "Dummy_1", "jupyter_notebook": "Notebook/1.pyng", "id": 1}]}]}, {"module_title": "Dummy", "module_id": 11, "lecture_ref": [{"lecture_title": "Loss function minimization and Gradient descent", "lecture_id": 14, "topic": " Loss functions and Gradient descent ", "concept_ref": [{"concept_text": " Loss functions for classification and regression, recap", "id": 41}, {"concept_text": "Gradient descent, worked example", "id": 42}, {"concept_text": " Loss function for logistic regression classification", "id": 43}, {"concept_text": " Gradient Descent for logistic regression", "id": 44}], "lecture_video": "Video\\lecture_13.mp4", "lecture_note": "Note\\lecture_note_14", "worked_out_worksheet": "TBD"}], "exercise_ref": [{"exercise_id": 2, "topic": "topic_2", "concept_ref": [{"concept_text": " Basic idea of label propagation etc", "id": 9}], "program_worksheet_ref": 1, "question_ref": [{"question_id": 6, "question_type": "mcq", "question_answer_type": "multi", "question_text": "Choose the options that are correct regarding machine learning (ML) and artificial intelligence (AI)", "concept_ref": [{"concept_text": " Analogy with natural learning from examples", "id": 1}, {"concept_text": " Mathematical Notation: mapping from feature space to label space", "id": 2}], "topic": "ML", "choice_of_answer_ref": [{"answer_text": "ML is an alternate way of programming intelligent machines.", "answer_id": 21}, {"answer_text": "ML and AI have very different goals.", "answer_id": 22}, {"answer_text": "ML is a set of techniques that turns a dataset into a software.", "answer_id": 23}, {"answer_text": "AI is a software that can emulate the human mind.", "answer_id": 24}], "correct_answer_id_list": [], "marks": 3}], "program_worksheet": [{"python_library": "sklearn, scipy, numpy", "dataset_directory": "Dataset/1/", "dataset_link": "http://dataset_url_1", "dataset_installation_notes": "Dummy_1", "jupyter_notebook": "Notebook/1.pyng", "id": 1}]}]}, {"module_title": "Clustering ", "module_id": 12, "lecture_ref": [{"lecture_title": "Intro to Clustering of users and products: K-means, agglomerative clustering, nonparametric clustering", "lecture_id": 15, "topic": 15, "concept_ref": [{"concept_text": " Linear regression: scalar notation, squared error loss", "id": 12}], "lecture_video": "Video\\lecture_15.mp4", "lecture_note": "Note\\lecture_note_15", "worked_out_worksheet": "TBD"}], "exercise_ref": [{"exercise_id": 1, "topic": "topic_1", "concept_ref": [{"concept_text": " Difference from supervised and unsupervised", "id": 8}, {"concept_text": "Definition of regression: recap", "id": 10}, {"concept_text": " Average rating prediction problem", "id": 11}], "program_worksheet_ref": 1, "question_ref": [{"question_id": 1, "question_type": "mcq", "question_answer_type": "multi", "question_text": " Which of the following distance metric can not be used in k-NN", "concept_ref": [{"concept_text": " Analogy with natural learning from examples", "id": 1}, {"concept_text": " Mathematical Notation: mapping from feature space to label space", "id": 2}], "topic": "K-NN", "choice_of_answer_ref": [{"answer_text": "Manhattan", "answer_id": 1}, {"answer_text": "Minkowski", "answer_id": 2}, {"answer_text": "Tanimoto", "answer_id": 3}, {"answer_text": "Jaccard", "answer_id": 4}, {"answer_text": "Mahalanobis", "answer_id": 5}, {"answer_text": "All can be used", "answer_id": 6}], "correct_answer_id_list": [], "marks": 2}], "program_worksheet": [{"python_library": "sklearn, scipy, numpy", "dataset_directory": "Dataset/1/", "dataset_link": "http://dataset_url_1", "dataset_installation_notes": "Dummy_1", "jupyter_notebook": "Notebook/1.pyng", "id": 1}]}]}, {"module_title": "Dummy", "module_id": 13, "lecture_ref": [{"lecture_title": "Exercise: Given the purchase history of users, cluster them into groups.   Agglomerative clustering for user segmentation", "lecture_id": 16, "topic": 16, "concept_ref": [{"concept_text": " Closed form solution of vector linear regression, exercise", "id": 15}], "lecture_video": "Video\\lecture_16.mp4", "lecture_note": "Note\\lecture_note_16", "worked_out_worksheet": "TBD"}], "exercise_ref": [{"exercise_id": 1, "topic": "topic_1", "concept_ref": [{"concept_text": " Difference from supervised and unsupervised", "id": 8}, {"concept_text": "Definition of regression: recap", "id": 10}, {"concept_text": " Average rating prediction problem", "id": 11}], "program_worksheet_ref": 1, "question_ref": [{"question_id": 1, "question_type": "mcq", "question_answer_type": "multi", "question_text": " Which of the following distance metric can not be used in k-NN", "concept_ref": [{"concept_text": " Analogy with natural learning from examples", "id": 1}, {"concept_text": " Mathematical Notation: mapping from feature space to label space", "id": 2}], "topic": "K-NN", "choice_of_answer_ref": [{"answer_text": "Manhattan", "answer_id": 1}, {"answer_text": "Minkowski", "answer_id": 2}, {"answer_text": "Tanimoto", "answer_id": 3}, {"answer_text": "Jaccard", "answer_id": 4}, {"answer_text": "Mahalanobis", "answer_id": 5}, {"answer_text": "All can be used", "answer_id": 6}], "correct_answer_id_list": [], "marks": 2}], "program_worksheet": [{"python_library": "sklearn, scipy, numpy", "dataset_directory": "Dataset/1/", "dataset_link": "http://dataset_url_1", "dataset_installation_notes": "Dummy_1", "jupyter_notebook": "Notebook/1.pyng", "id": 1}]}]}, {"module_title": "Dummy", "module_id": 14, "lecture_ref": [{"lecture_title": "K-means clustering, how to choose K, RAND index", "lecture_id": 17, "topic": 17, "concept_ref": [{"concept_text": "Sparse linear regression: worked example", "id": 18}], "lecture_video": "Video\\lecture_17.mp4", "lecture_note": "Note\\lecture_note_17", "worked_out_worksheet": "TBD"}], "exercise_ref": [{"exercise_id": 1, "topic": "topic_1", "concept_ref": [{"concept_text": " Difference from supervised and unsupervised", "id": 8}, {"concept_text": "Definition of regression: recap", "id": 10}, {"concept_text": " Average rating prediction problem", "id": 11}], "program_worksheet_ref": 1, "question_ref": [{"question_id": 1, "question_type": "mcq", "question_answer_type": "multi", "question_text": " Which of the following distance metric can not be used in k-NN", "concept_ref": [{"concept_text": " Analogy with natural learning from examples", "id": 1}, {"concept_text": " Mathematical Notation: mapping from feature space to label space", "id": 2}], "topic": "K-NN", "choice_of_answer_ref": [{"answer_text": "Manhattan", "answer_id": 1}, {"answer_text": "Minkowski", "answer_id": 2}, {"answer_text": "Tanimoto", "answer_id": 3}, {"answer_text": "Jaccard", "answer_id": 4}, {"answer_text": "Mahalanobis", "answer_id": 5}, {"answer_text": "All can be used", "answer_id": 6}], "correct_answer_id_list": [], "marks": 2}], "program_worksheet": [{"python_library": "sklearn, scipy, numpy", "dataset_directory": "Dataset/1/", "dataset_link": "http://dataset_url_1", "dataset_installation_notes": "Dummy_1", "jupyter_notebook": "Notebook/1.pyng", "id": 1}]}]}, {"module_title": "Dimensionality reduction", "module_id": 15, "lecture_ref": [{"lecture_title": "Dimensionality reduction, principal component analysis", "lecture_id": 18, "topic": 18, "concept_ref": [{"concept_text": "Feature selection motivated by rating prediction problem", "id": 16}], "lecture_video": "Video\\lecture_18.mp4", "lecture_note": "Note\\lecture_note_18", "worked_out_worksheet": "TBD"}], "exercise_ref": [{"exercise_id": 2, "topic": "topic_2", "concept_ref": [{"concept_text": " Basic idea of label propagation etc", "id": 9}], "program_worksheet_ref": 1, "question_ref": [{"question_id": 6, "question_type": "mcq", "question_answer_type": "multi", "question_text": "Choose the options that are correct regarding machine learning (ML) and artificial intelligence (AI)", "concept_ref": [{"concept_text": " Analogy with natural learning from examples", "id": 1}, {"concept_text": " Mathematical Notation: mapping from feature space to label space", "id": 2}], "topic": "ML", "choice_of_answer_ref": [{"answer_text": "ML is an alternate way of programming intelligent machines.", "answer_id": 21}, {"answer_text": "ML and AI have very different goals.", "answer_id": 22}, {"answer_text": "ML is a set of techniques that turns a dataset into a software.", "answer_id": 23}, {"answer_text": "AI is a software that can emulate the human mind.", "answer_id": 24}], "correct_answer_id_list": [], "marks": 3}], "program_worksheet": [{"python_library": "sklearn, scipy, numpy", "dataset_directory": "Dataset/1/", "dataset_link": "http://dataset_url_1", "dataset_installation_notes": "Dummy_1", "jupyter_notebook": "Notebook/1.pyng", "id": 1}]}]}, {"module_title": "Dummy", "module_id": 16, "lecture_ref": [{"lecture_title": "Principal component Analysis", "lecture_id": 19, "topic": 19, "concept_ref": [{"concept_text": " L0-norm regularizer for linear regression", "id": 20}], "lecture_video": "Video\\lecture_19.mp4", "lecture_note": "Note\\lecture_note_19", "worked_out_worksheet": "TBD"}], "exercise_ref": [{"exercise_id": 2, "topic": "topic_2", "concept_ref": [{"concept_text": " Basic idea of label propagation etc", "id": 9}], "program_worksheet_ref": 1, "question_ref": [{"question_id": 6, "question_type": "mcq", "question_answer_type": "multi", "question_text": "Choose the options that are correct regarding machine learning (ML) and artificial intelligence (AI)", "concept_ref": [{"concept_text": " Analogy with natural learning from examples", "id": 1}, {"concept_text": " Mathematical Notation: mapping from feature space to label space", "id": 2}], "topic": "ML", "choice_of_answer_ref": [{"answer_text": "ML is an alternate way of programming intelligent machines.", "answer_id": 21}, {"answer_text": "ML and AI have very different goals.", "answer_id": 22}, {"answer_text": "ML is a set of techniques that turns a dataset into a software.", "answer_id": 23}, {"answer_text": "AI is a software that can emulate the human mind.", "answer_id": 24}], "correct_answer_id_list": [], "marks": 3}], "program_worksheet": [{"python_library": "sklearn, scipy, numpy", "dataset_directory": "Dataset/1/", "dataset_link": "http://dataset_url_1", "dataset_installation_notes": "Dummy_1", "jupyter_notebook": "Notebook/1.pyng", "id": 1}]}]}, {"module_title": "Dummy", "module_id": 17, "lecture_ref": [{"lecture_title": "Application : Fraud Detection", "lecture_id": 20, "topic": 20, "concept_ref": [{"concept_text": " Linear Classifier, linearly separable data motivated by binary product ratings", "id": 33}], "lecture_video": "Video\\lecture_20.mp4", "lecture_note": "Note\\lecture_note_20", "worked_out_worksheet": "TBD"}], "exercise_ref": [{"exercise_id": 1, "topic": "topic_1", "concept_ref": [{"concept_text": " Difference from supervised and unsupervised", "id": 8}, {"concept_text": "Definition of regression: recap", "id": 10}, {"concept_text": " Average rating prediction problem", "id": 11}], "program_worksheet_ref": 1, "question_ref": [{"question_id": 1, "question_type": "mcq", "question_answer_type": "multi", "question_text": " Which of the following distance metric can not be used in k-NN", "concept_ref": [{"concept_text": " Analogy with natural learning from examples", "id": 1}, {"concept_text": " Mathematical Notation: mapping from feature space to label space", "id": 2}], "topic": "K-NN", "choice_of_answer_ref": [{"answer_text": "Manhattan", "answer_id": 1}, {"answer_text": "Minkowski", "answer_id": 2}, {"answer_text": "Tanimoto", "answer_id": 3}, {"answer_text": "Jaccard", "answer_id": 4}, {"answer_text": "Mahalanobis", "answer_id": 5}, {"answer_text": "All can be used", "answer_id": 6}], "correct_answer_id_list": [], "marks": 2}], "program_worksheet": [{"python_library": "sklearn, scipy, numpy", "dataset_directory": "Dataset/1/", "dataset_link": "http://dataset_url_1", "dataset_installation_notes": "Dummy_1", "jupyter_notebook": "Notebook/1.pyng", "id": 1}]}]}, {"module_title": "Neural Networks Representation and Learning", "module_id": 18, "lecture_ref": [{"lecture_title": "Neural Networks for binary classification and regression, Convolutional Neural Network", "lecture_id": 21, "topic": "Neural Network", "concept_ref": [{"concept_text": "Convolution operation in 1 dimension, Concept of stride, worked example", "id": 45}, {"concept_text": " 2D convolution operation, worked example", "id": 46}, {"concept_text": "Convolution as a neural network operation", "id": 47}, {"concept_text": " Pooling operation (max, sum), worked example", "id": 48}, {"concept_text": "Pooling layer in a neural network", "id": 49}, {"concept_text": "Alex-net architecture", "id": 50}], "lecture_video": "Video\\lecture_21.mp4", "lecture_note": "Note\\lecture_note_21", "worked_out_worksheet": "TBD"}, {"lecture_title": "Backpropagation, Choice of activation function, drop-out, probabilistic classification", "lecture_id": 22, "topic": "Activation functions", "concept_ref": [{"concept_text": "Different activation functions and their properties", "id": 51}, {"concept_text": "Gradients of activation functions", "id": 52}, {"concept_text": "Drop-out of neurons", "id": 53}, {"concept_text": " Probabilistic multi-class classification with softmax at last layer", "id": 54}, {"concept_text": "Training with cross-entropy loss function", "id": 55}, {"concept_text": " Image classification with CNN, neural features from layers", "id": 56}], "lecture_video": "Video\\lecture_22.mp4", "lecture_note": "Note\\lecture_note_22", "worked_out_worksheet": "TBD"}, {"lecture_title": "Recurrent Neural Network Class imbalance, classification performance measures", "lecture_id": 23, "topic": 23, "concept_ref": [{"concept_text": " Linear classifier, Perceptron algorithm, worked example", "id": 37}], "lecture_video": "Video\\lecture_23.mp4", "lecture_note": "Note\\lecture_note_23", "worked_out_worksheet": "TBD"}, {"lecture_title": "Remedies of class imbalance", "lecture_id": 24, "topic": 24, "concept_ref": [{"concept_text": "Pooling layer in a neural network", "id": 49}], "lecture_video": "Video\\lecture_24.mp4", "lecture_note": "Note\\lecture_note_24", "worked_out_worksheet": "TBD"}], "exercise_ref": [{"exercise_id": 1, "topic": "topic_1", "concept_ref": [{"concept_text": " Difference from supervised and unsupervised", "id": 8}, {"concept_text": "Definition of regression: recap", "id": 10}, {"concept_text": " Average rating prediction problem", "id": 11}], "program_worksheet_ref": 1, "question_ref": [{"question_id": 1, "question_type": "mcq", "question_answer_type": "multi", "question_text": " Which of the following distance metric can not be used in k-NN", "concept_ref": [{"concept_text": " Analogy with natural learning from examples", "id": 1}, {"concept_text": " Mathematical Notation: mapping from feature space to label space", "id": 2}], "topic": "K-NN", "choice_of_answer_ref": [{"answer_text": "Manhattan", "answer_id": 1}, {"answer_text": "Minkowski", "answer_id": 2}, {"answer_text": "Tanimoto", "answer_id": 3}, {"answer_text": "Jaccard", "answer_id": 4}, {"answer_text": "Mahalanobis", "answer_id": 5}, {"answer_text": "All can be used", "answer_id": 6}], "correct_answer_id_list": [], "marks": 2}], "program_worksheet": [{"python_library": "sklearn, scipy, numpy", "dataset_directory": "Dataset/1/", "dataset_link": "http://dataset_url_1", "dataset_installation_notes": "Dummy_1", "jupyter_notebook": "Notebook/1.pyng", "id": 1}]}]}], "instructor_ref": [{"name": "Sudeshna Sarkar", "designation": "Professor", "department": "Centre for Excellence in Artificial Intelligence", "institution": "IIT,KGP", "id": 1}, {"name": "Adway Mitra", "designation": "Assistant Professor", "department": "Centre for Excellence in Artificial Intelligence", "institution": "IIT,KGP", "id": 2}]}}